{
    "madness": 0,
    "sanity": 100,
    "obsession": 0,
    "will": [
        -1,
        -1,
        -1,
        -1,
        -1
    ],
    "feeble": [
        -1,
        -1,
        -1,
        -1,
        -1
    ],
    "supply": [
        "Supply_NoUse",
        "NA",
        "NA",
        "NA",
        "NA",
        "NA"
    ],
    "equip": [
        -1,
        -1,
        -1
    ],
    "curEquip": 0,
    "resist": [
        0,
        0,
        0,
        0
    ],
    "stageNum": -2,
    "isBattle": false,
    "turn": 0,
    "selEnemy": "NA",
    "earnEquip": -1,
    "equipIsEarned": false,
    "earnSupply": "NA",
    "supplyIsEarned": false,
    "halluList": [
        -1,
        -1,
        -1
    ],
    "halluIsEarned": false,
    "earnedHalluIs": -1,
    "toBattle": true
}